"DateOfGame","TeamName","Tempo","RankTempo","AdjTempo","RankAdjTempo","OE","RankOE","AdjOE","RankAdjOE","DE","RankDE","AdjDE","RankAdjDE","Pythag","RankPythag","AdjEM","RankAdjEM"
"2018-02-13","Abilene Christian",70.9881,102,68.9904,134,101.61,216,101.15,248,103.067,166,108.287,226,0.313425,243,-7.13773,242
"2018-02-13","Air Force",66.8827,299,65.7468,297,99.5436,260,102.99,219,109.705,299,111.098,281,0.294953,254,-8.1077,256
"2018-02-13","Akron",69.2818,197,68.0561,197,102.371,202,102.59,230,109.113,291,111.323,284,0.281017,263,-8.73231,263
"2018-02-13","Alabama",70.5245,126,69.2685,122,103.765,171,109.259,99,96.8947,33,93.6813,10,0.854333,39,15.578,43
"2018-02-13","Alabama A&M",68.6425,231,66.4398,268,87.6735,348,86.9057,351,111.282,316,113.819,320,0.0430041,350,-26.913,350
"2018-02-13","Alabama St.",70.3034,138,68.6323,161,95.9227,311,96.9078,317,112.523,325,117.503,339,0.0983148,340,-20.5952,339
"2018-02-13","Albany",66.5928,310,66.0857,279,109.735,63,108.003,126,101.291,119,104.874,160,0.58372,132,3.12872,131
"2018-02-13","Alcorn St.",68.886,222,67.3423,231,94.9068,320,94.9462,331,110.122,304,113.981,322,0.108976,336,-19.0343,335
"2018-02-13","American",67.4179,280,66.6711,256,94.6902,322,94.094,338,107.761,269,110.294,266,0.138609,329,-16.2005,328
"2018-02-13","Appalachian St.",71.1353,94,70.2749,82,102.532,197,105.523,172,107.204,259,109.883,256,0.385645,212,-4.36049,213
"2018-02-13","Arizona",69.4298,189,68.1031,192,117.216,8,120.827,8,103.008,164,102.583,106,0.867881,30,18.2435,23
"2018-02-13","Arizona St.",72.9251,36,71.4811,43,115.445,15,119.386,14,101.943,140,102.264,99,0.855723,38,17.1217,33
"2018-02-13","Arkansas",72.3164,53,70.7631,61,112.536,33,116.282,29,103.414,171,101.296,90,0.830154,46,14.9865,45
"2018-02-13","Arkansas Pine Bluff",68.4614,237,68.3148,176,93.4084,333,93.7816,339,106.269,236,111.669,288,0.118415,335,-17.887,333
"2018-02-13","Arkansas St.",70.1511,144,69.45,114,102.409,200,105.483,173,111.709,321,115.275,328,0.26486,271,-9.79202,276
"2018-02-13","Army",71.8841,63,70.7965,59,103.859,166,101.308,245,103.593,179,107.739,217,0.330107,236,-6.43026,235
"2018-02-13","Auburn",73.4215,29,72.5366,24,116.39,11,121.249,6,98.8449,56,97.5965,36,0.923832,9,23.6529,9
"2018-02-13","Austin Peay",68.8484,224,68.8791,144,102.531,198,105.14,179,103.964,188,106.585,199,0.460834,180,-1.44511,179
"2018-02-13","Ball St.",71.3693,83,69.8045,99,102.746,194,103.511,210,101.899,138,103.78,135,0.492527,172,-0.26943,172
"2018-02-13","Baylor",68.1063,245,66.027,280,109.532,67,113.29,58,99.5506,72,96.134,20,0.868571,29,17.1559,32
"2018-02-13","Belmont",68.8412,225,67.0773,241,111.807,39,112.038,67,100.154,89,103.416,129,0.715239,86,8.62259,85
"2018-02-13","Bethune Cookman",76.2778,8,75.2781,6,101.753,213,99.2039,282,103.141,168,111.076,280,0.214176,294,-11.8721,296
"2018-02-13","Binghamton",66.6841,306,65.6495,300,101.415,222,100.277,266,106.141,232,112.282,300,0.214095,295,-12.0052,297
"2018-02-13","Boise St.",69.9491,158,68.3133,178,108.307,85,110.6,86,96.556,31,97.3107,31,0.813382,49,13.2894,53
"2018-02-13","Boston College",69.4534,187,68.7769,150,107.801,96,112.599,63,103.858,183,103.072,121,0.734321,81,9.52697,80
"2018-02-13","Boston University",68.9849,211,68.039,199,102.944,188,102.737,226,106.162,234,110.79,275,0.295703,252,-8.05305,255
"2018-02-13","Bowling Green",72.4004,52,71.3878,45,101.164,231,101.878,240,103.943,186,107.009,204,0.362362,221,-5.13149,225
"2018-02-13","Bradley",66.5433,313,66.4415,267,101.413,223,103.855,202,97.4383,42,100.161,77,0.602631,124,3.69353,124
"2018-02-13","Brown",72.5663,44,71.502,41,103.952,163,102.966,221,106.773,246,111.101,282,0.294317,256,-8.13535,257
"2018-02-13","Bryant",70.3196,137,69.5699,109,99.052,270,100.308,265,116.998,344,120.938,350,0.104251,338,-20.6299,340
"2018-02-13","Bucknell",73.1329,32,71.631,38,108.761,81,109.111,104,101.95,141,103.944,141,0.635967,117,5.167,116
"2018-02-13","Buffalo",74.1062,20,73.3064,14,111.143,45,113.745,55,103.383,169,104.828,159,0.718874,84,8.91745,84
"2018-02-13","Butler",70.2383,142,68.1356,190,111.981,37,117.024,23,100.869,106,98.0132,39,0.884803,21,19.0112,20
"2018-02-13","BYU",67.458,276,67.3818,228,109.876,60,109.571,93,96.5822,32,97.4921,35,0.793013,59,12.0786,64
"2018-02-13","Cal Poly",67.6544,267,66.6692,257,97.0762,300,99.1653,283,110.278,305,112.434,303,0.19091,309,-13.2683,310
"2018-02-13","Cal St. Bakersfield",66.9409,295,64.7158,329,95.6163,313,98.3667,296,104.665,204,105.45,175,0.310091,244,-7.08374,241
"2018-02-13","Cal St. Fullerton",69.9276,160,69.7949,100,101.381,226,104.867,186,103.561,177,105.173,170,0.491623,173,-0.306037,173
"2018-02-13","Cal St. Northridge",66.3107,319,65.2967,317,94.6121,324,95.9343,325,108.463,282,111.064,279,0.156558,325,-15.1294,326
"2018-02-13","California",70.7302,114,68.9456,138,97.0773,299,100.388,263,108.83,288,106.379,194,0.339275,233,-5.99031,230
"2018-02-13","Campbell",69.6536,170,68.3325,174,106.56,117,104.989,182,104.15,191,109.793,253,0.374134,218,-4.80396,218
"2018-02-13","Canisius",69.5361,178,68.9236,139,107.275,104,107.066,143,100.307,92,104.074,146,0.580789,134,2.9926,135
"2018-02-13","Central Arkansas",75.3627,11,73.9572,10,107.935,93,109.152,102,105.275,219,110.665,272,0.460506,181,-1.51295,182
"2018-02-13","Central Connecticut",66.7979,301,64.9793,323,100.078,253,98.7206,292,106.826,248,112.476,304,0.182404,316,-13.7556,318
"2018-02-13","Central Michigan",68.9024,221,68.0635,196,106.943,112,106.719,149,103.438,172,108.828,240,0.443972,187,-2.1091,187
"2018-02-13","Charleston Southern",66.8667,300,66.7426,251,98.8333,275,98.1925,299,104.571,203,107.873,219,0.253254,276,-9.68093,274
"2018-02-13","Charlotte",71.1318,95,71.1117,50,94.6048,325,97.1636,315,108.629,285,109.988,258,0.19376,307,-12.8249,306
"2018-02-13","Chattanooga",67.3886,283,65.426,312,99.5223,262,100.262,267,108.653,286,112.534,305,0.209517,299,-12.2715,298
"2018-02-13","Chicago St.",72.53,47,72.2679,28,87.4522,349,94.7568,332,122.589,351,120.873,349,0.0573556,347,-26.1163,347
"2018-02-13","Cincinnati",67.692,264,65.8534,293,112.867,29,114.127,52,82.7054,1,84.7568,2,0.968371,2,29.3701,3
"2018-02-13","Clemson",67.7872,259,66.0119,283,109.996,57,115.692,31,95.6707,23,94.5547,13,0.91053,13,21.137,16
"2018-02-13","Cleveland St.",69.6154,175,68.2912,180,96.3715,305,98.0763,300,109.161,292,112.128,296,0.176562,320,-14.0519,320
"2018-02-13","Coastal Carolina",69.0779,208,68.0974,193,100.702,238,102.217,236,103.52,176,105.528,176,0.409347,200,-3.3116,201
"2018-02-13","Colgate",67.8068,256,67.0989,238,106.912,113,106.655,151,106.308,237,110.596,271,0.397158,207,-3.94144,208
"2018-02-13","College of Charleston",65.8913,330,64.8941,326,109.732,64,108.911,109,102.176,145,104.819,158,0.608342,120,4.09149,120
"2018-02-13","Colorado",70.0328,153,68.3153,175,101.981,209,104.324,194,101.197,113,98.1228,41,0.669238,104,6.20122,105
"2018-02-13","Colorado St.",70.4642,130,68.5503,164,100.864,237,104.915,184,108.402,280,108.632,238,0.401213,205,-3.71732,205
"2018-02-13","Columbia",71.3163,86,70.2694,83,105.223,141,107.273,140,109.185,293,113.008,310,0.354578,226,-5.73534,228
"2018-02-13","Connecticut",67.1527,289,66.3611,271,98.0259,284,103.456,212,105.102,212,103.62,131,0.495467,170,-0.163239,170
"2018-02-13","Coppin St.",68.9055,220,66.4983,264,86.1113,350,88.7869,350,106.44,239,110.856,277,0.0722283,345,-22.0694,342
"2018-02-13","Cornell",71.3492,85,70.012,92,102.471,199,103.762,204,111.498,318,113.02,311,0.272321,265,-9.25825,269
"2018-02-13","Creighton",73.818,23,71.6209,39,115.158,16,117.303,21,100.127,87,98.8102,51,0.877927,22,18.4929,22
"2018-02-13","Dartmouth",67.9031,254,67.3533,230,101.339,227,102.269,235,108.775,287,111.455,286,0.271069,267,-9.18637,266
"2018-02-13","Davidson",66.0071,328,64.9987,322,115.06,17,116.64,24,101.532,129,103.84,137,0.791947,60,12.7993,57
"2018-02-13","Dayton",67.1714,286,66.3266,273,107.855,95,111.452,76,107.745,268,108.347,229,0.580529,136,3.10514,132
"2018-02-13","Delaware",66.2232,322,65.5965,302,103.413,176,102.408,233,110.633,310,111.552,287,0.272189,266,-9.14394,265
"2018-02-13","Delaware St.",67.0909,290,64.6806,330,91.2812,341,90.8956,345,118.71,349,120.846,348,0.0364291,351,-29.9505,351
"2018-02-13","Denver",68.5449,235,66.658,258,100.616,241,102.444,231,107.16,258,108.505,234,0.340499,232,-6.06147,231
"2018-02-13","DePaul",71.3917,82,70.2485,84,102.098,207,106.481,159,101.703,133,99.7771,74,0.678714,100,6.70432,103
"2018-02-13","Detroit",74.7,13,72.723,20,99.4209,265,102.09,237,114.247,334,115.376,330,0.19672,305,-13.286,311
"2018-02-13","Drake",69.0157,210,68.3673,173,103.361,181,106.892,147,105.318,220,106.219,189,0.518152,161,0.673045,161
"2018-02-13","Drexel",69.6518,171,68.7947,148,103.929,165,104.158,197,111.446,317,112.339,301,0.295338,253,-8.18155,258
"2018-02-13","Duke",72.2017,56,71.2804,47,122.482,2,127.17,2,99.9874,85,100.249,79,0.939087,7,26.9208,5
"2018-02-13","Duquesne",66.1784,323,65.7594,296,107.122,108,105.348,176,100.568,99,108.188,221,0.424098,193,-2.84054,193
"2018-02-13","East Carolina",69.1653,204,68.8898,143,94.5984,326,95.7384,326,103.397,170,108.339,228,0.194354,306,-12.601,300
"2018-02-13","East Tennessee St.",69.6365,173,67.795,210,108.769,80,108.019,125,95.1398,16,97.8551,37,0.75703,78,10.1643,78
"2018-02-13","Eastern Illinois",66.6432,309,65.6539,299,96.4356,304,99.0898,285,105.323,221,108.459,231,0.261343,273,-9.36943,270
"2018-02-13","Eastern Kentucky",69.5148,180,68.9767,136,99.0783,269,100.206,268,111.088,315,113.626,316,0.190703,310,-13.4207,312
"2018-02-13","Eastern Michigan",67.169,288,65.1258,320,101.267,228,100.934,251,101.105,110,102.822,114,0.446911,186,-1.88834,186
"2018-02-13","Eastern Washington",69.4759,184,66.5445,263,104.538,153,107.045,145,103.8,182,104.981,162,0.555743,150,2.06398,150
"2018-02-13","Elon",67.7758,260,67.2639,234,104.285,155,104.924,183,108.144,277,108.504,233,0.404735,204,-3.57944,204
"2018-02-13","Evansville",66.5491,312,65.97,285,97.5877,291,100.929,252,98.6356,54,98.7273,48,0.563076,145,2.20182,146
"2018-02-13","Fairfield",72.4575,50,70.8699,55,101.7,215,103.692,205,105.802,229,108.432,230,0.374252,217,-4.73992,217
"2018-02-13","Fairleigh Dickinson",71.0641,97,70.4487,72,99.5282,261,101.718,241,107.283,262,111.682,289,0.254502,275,-9.96451,277
"2018-02-13","FIU",69.9103,162,68.7389,153,97.6523,290,98.555,293,100.286,91,103.957,142,0.35123,227,-5.4017,226
"2018-02-13","Florida",69.4755,185,68.1928,185,110.074,55,114.882,42,99.6937,80,97.0054,29,0.874916,25,17.877,26
"2018-02-13","Florida A&M",69.6418,172,67.5196,223,93.7053,332,94.5473,335,112.918,329,116.773,335,0.0810606,342,-22.2258,344
"2018-02-13","Florida Atlantic",70.004,154,68.657,159,92.5587,335,95.2557,329,102.379,147,102.696,110,0.296308,251,-7.44072,248
"2018-02-13","Florida Gulf Coast",72.5305,46,70.7949,60,109.297,70,108.355,122,97.7253,45,103.074,122,0.639819,114,5.28075,114
"2018-02-13","Florida St.",72.8894,37,71.7505,36,111.821,38,117.465,19,99.1529,63,99.3405,63,0.87295,27,18.125,24
"2018-02-13","Fordham",67.4528,278,66.2523,275,92.2329,337,95.2273,330,101.151,112,104.055,145,0.265125,270,-8.82762,264
"2018-02-13","Fort Wayne",73.7837,24,72.7467,19,105.733,128,105.989,166,103.465,175,105.431,173,0.515183,162,0.558428,162
"2018-02-13","Fresno St.",67.4103,281,65.9247,289,112.828,30,114.521,47,102.649,159,103.698,134,0.757996,77,10.8235,73
"2018-02-13","Furman",70.0384,152,68.405,169,110.04,56,109.326,98,101.215,116,103.216,126,0.659547,106,6.10915,108
"2018-02-13","Gardner Webb",68.3184,240,67.7522,213,95.1176,318,96.7223,319,104.704,206,106.962,203,0.239163,282,-10.24,281
"2018-02-13","George Mason",69.3767,193,68.9659,137,100.665,239,102.775,225,107.246,261,109.31,250,0.329825,237,-6.53548,237
"2018-02-13","George Washington",66.0255,327,64.8555,328,97.8948,288,100.775,253,107.043,253,107.141,206,0.330827,235,-6.36607,234
"2018-02-13","Georgetown",71.8132,65,70.5682,68,106.018,125,108.782,111,99.6774,77,101.215,89,0.696163,94,7.56661,95
"2018-02-13","Georgia",65.4618,335,64.0101,339,102.912,189,107.771,130,101.467,125,98.2651,42,0.743061,80,9.50623,81
"2018-02-13","Georgia Southern",69.3775,192,68.2595,182,104.874,150,106.217,163,99.9921,86,103.895,138,0.563228,144,2.32275,144
"2018-02-13","Georgia St.",67.5263,272,67.0934,239,107.129,107,107.589,133,97.3557,40,101.584,94,0.659362,107,6.0048,109
"2018-02-13","Georgia Tech",66.1503,324,65.5617,308,99.0479,271,104.533,192,99.7018,81,98.8699,53,0.654872,111,5.6631,112
"2018-02-13","Gonzaga",69.9056,163,69.3824,117,120.515,4,120.221,10,95.9459,24,96.0868,19,0.929359,8,24.1338,8
"2018-02-13","Grambling St.",73.4281,28,72.2811,27,96.8046,302,96.1575,322,101.317,121,105.925,183,0.24739,277,-9.76773,275
"2018-02-13","Grand Canyon",70.8061,110,68.8549,147,104.033,160,103.553,207,88.7374,4,96.8242,28,0.684082,98,6.72834,102
"2018-02-13","Green Bay",72.9922,35,71.872,35,96.5195,303,96.712,320,103.891,184,107.417,211,0.230191,287,-10.7045,285
"2018-02-13","Hampton",74.2557,18,72.5656,23,104.221,156,102.898,222,104.895,209,110.732,273,0.300741,249,-7.83368,250
"2018-02-13","Hartford",67.793,257,66.6014,260,105.572,133,105.626,171,105.486,223,110.543,269,0.372086,219,-4.91725,219
"2018-02-13","Harvard",66.8885,298,66.4868,266,97.1222,298,98.8365,291,98.456,51,99.2122,61,0.489096,174,-0.375619,174
"2018-02-13","Hawaii",69.2032,202,68.4424,166,100.381,246,99.0168,287,100.49,98,104.109,147,0.359691,225,-5.09213,224
"2018-02-13","High Point",66.6854,305,65.9626,286,103.679,173,103.5,211,102.752,160,106.663,201,0.414324,197,-3.16242,197
"2018-02-13","Hofstra",69.8019,165,68.8714,146,109.83,61,110.609,84,109.741,301,109.902,257,0.51843,160,0.707105,160
"2018-02-13","Holy Cross",64.2108,348,63.4176,347,97.5485,292,97.136,316,106.534,241,110.832,276,0.179925,318,-13.6956,316
"2018-02-13","Houston",68.925,218,68.1661,189,111.421,43,114.157,51,94.1918,11,96.4425,22,0.874262,26,17.7141,29
"2018-02-13","Houston Baptist",74.6239,14,72.7733,18,97.0515,301,100.332,264,114.881,339,116.169,332,0.156377,326,-15.8368,327
"2018-02-13","Howard",71.8022,66,70.1107,89,99.5044,263,98.4547,295,111.557,320,117.095,336,0.119842,333,-18.6398,334
"2018-02-13","Idaho",68.0801,246,65.9718,284,107.979,92,108.678,115,99.6061,74,102.842,115,0.65356,112,5.83576,111
"2018-02-13","Idaho St.",71.247,89,68.9143,140,101.056,232,99.9776,270,104.386,197,107.246,207,0.308507,246,-7.26885,243
"2018-02-13","Illinois",71.2269,90,70.5149,70,103.68,172,107.49,137,101.208,115,101.848,96,0.65022,113,5.64174,113
"2018-02-13","Illinois Chicago",72.8617,38,71.0643,51,100.534,244,99.6033,276,99.4263,68,102.866,117,0.408371,201,-3.26302,198
"2018-02-13","Illinois St.",69.9856,155,69.2523,125,100.27,247,106.499,157,104.471,200,104.795,157,0.546255,153,1.70454,152
"2018-02-13","Incarnate Word",71.7785,67,70.2952,80,94.6146,323,96.0734,324,115.225,341,118.215,342,0.0843195,341,-22.142,343
"2018-02-13","Indiana",67.9044,252,66.8105,249,105.017,144,109.473,96,101.835,136,98.8739,54,0.763343,73,10.5993,75
"2018-02-13","Indiana St.",70.4577,131,70.1269,88,100.932,234,106.601,154,101.137,111,103.312,127,0.589136,129,3.28894,129
"2018-02-13","Iona",71.1761,92,70.3462,79,108.859,78,110.403,89,104.199,192,107.377,210,0.579237,138,3.02638,133
"2018-02-13","Iowa",71.5198,75,70.5194,69,111.18,44,116.45,28,109.596,297,109.286,249,0.674851,102,7.16431,96
"2018-02-13","Iowa St.",69.2122,201,68.6101,163,105.013,145,111.76,71,105.585,225,103.937,140,0.697313,93,7.82296,92
"2018-02-13","IUPUI",68.8587,223,66.5524,261,98.5234,278,99.0146,288,109.426,295,112.739,309,0.183497,315,-13.7248,317
"2018-02-13","Jackson St.",64.3686,346,63.3984,348,94.9441,319,93.0524,340,108.117,276,112.167,297,0.104471,337,-19.1146,337
"2018-02-13","Jacksonville",71.9014,62,69.4504,113,92.9286,334,92.9248,341,106.807,247,109.137,244,0.13595,330,-16.2121,329
"2018-02-13","Jacksonville St.",67.3811,284,66.1437,277,105.746,127,102.711,228,97.2469,38,102.333,101,0.510615,165,0.378586,165
"2018-02-13","James Madison",69.7412,167,68.1201,191,103.145,184,103.08,216,108.307,278,108.996,242,0.344843,229,-5.91619,229
"2018-02-13","Kansas",71.0535,98,69.3687,119,114.677,19,118.626,16,99.4527,69,97.1051,30,0.909052,15,21.5211,14
"2018-02-13","Kansas St.",66.575,311,65.513,311,109.453,68,113.866,53,101.659,131,100.695,83,0.804346,54,13.1713,55
"2018-02-13","Kennesaw St.",71.0506,99,68.71,156,98.7966,276,97.6413,307,108.108,275,110.297,267,0.197569,304,-12.6555,302
"2018-02-13","Kent St.",70.5929,124,69.3896,115,102.38,201,103.549,208,105.741,227,108.28,225,0.374312,216,-4.73092,216
"2018-02-13","Kentucky",70.7015,115,69.4614,112,106.781,115,113.284,59,99.4132,67,96.3054,21,0.866143,31,16.9784,34
"2018-02-13","La Salle",69.0773,209,69.2579,124,102.597,196,106.371,162,104.703,205,106.066,186,0.508245,166,0.304647,166
"2018-02-13","Lafayette",68.9596,214,68.3894,171,101.599,217,101.532,243,105.602,226,109.876,255,0.287343,260,-8.34467,259
"2018-02-13","Lamar",69.5073,181,68.2888,181,103.107,185,102.983,220,100.442,96,106.278,190,0.410411,199,-3.29573,200
"2018-02-13","Lehigh",70.6682,118,70.8295,56,104.736,151,105.135,180,109.271,294,113.798,319,0.286876,261,-8.66334,262
"2018-02-13","Liberty",64.4377,345,64.0422,338,106.27,120,104.824,188,100.79,105,107.452,213,0.429279,191,-2.62833,190
"2018-02-13","Lipscomb",76.6694,5,75.2438,7,100.873,236,101.705,242,100.38,93,103.173,125,0.458906,182,-1.46751,180
"2018-02-13","Little Rock",66.6651,307,65.5574,309,91.2988,340,94.5844,334,105.27,218,107.262,209,0.190547,311,-12.6773,305
"2018-02-13","LIU Brooklyn",73.1354,31,72.3272,26,104.022,161,102.411,232,106.333,238,112.055,293,0.262113,272,-9.64461,273
"2018-02-13","Long Beach St.",72.5448,45,72.2285,30,103.085,187,108.09,124,110.019,302,110.789,274,0.42955,190,-2.69958,191
"2018-02-13","Longwood",69.9354,159,69.2352,127,88.4581,347,90.5107,347,109.639,298,112.266,299,0.0774763,343,-21.7554,341
"2018-02-13","Louisiana Lafayette",72.7918,40,71.298,46,113.821,24,115.148,38,98.4602,52,101.938,97,0.802391,56,13.2099,54
"2018-02-13","Louisiana Monroe",66.2796,321,65.0898,321,99.7956,258,102.886,223,107.768,271,110.57,270,0.304008,248,-7.68375,249
"2018-02-13","Louisiana Tech",69.2016,203,67.7169,215,106.876,114,108.662,116,102.623,157,106.362,192,0.561207,146,2.30032,145
"2018-02-13","Louisville",70.6357,120,70.5126,71,109.064,75,113.42,57,96.1139,27,95.6359,15,0.87667,23,17.7836,28
"2018-02-13","Loyola Chicago",66.657,308,65.8243,295,108.722,82,111.637,73,94.4709,12,97.9695,38,0.817848,48,13.6673,51
"2018-02-13","Loyola Marymount",68.2941,242,67.7772,211,105.459,137,107.945,129,112.814,328,114.235,326,0.342693,231,-6.29005,233
"2018-02-13","Loyola MD",69.5356,179,68.8985,142,98.4897,279,97.3219,312,107.151,257,111.016,278,0.180354,317,-13.6938,315
"2018-02-13","LSU",69.4146,190,68.1945,184,112.523,34,115.553,34,105.556,224,103.171,124,0.786405,64,12.3817,61
"2018-02-13","Maine",70.9379,104,71.0342,52,90.0018,345,90.8049,346,106.539,242,109.87,254,0.100499,339,-19.0648,336
"2018-02-13","Manhattan",67.5635,271,66.0135,282,99.3638,266,99.5691,277,100.436,95,103.672,133,0.385954,211,-4.1027,210
"2018-02-13","Marist",71.4815,77,69.695,103,99.4534,264,99.0513,286,112.032,323,113.635,317,0.170855,324,-14.5838,323
"2018-02-13","Marquette",70.8405,107,70.1998,87,114.462,21,118.666,15,108.902,289,104.95,161,0.804157,55,13.7155,50
"2018-02-13","Marshall",77.0428,4,75.934,5,107.06,111,107.548,135,101.953,143,104.529,153,0.581139,133,3.01915,134
"2018-02-13","Maryland",67.4569,277,66.7424,252,110.701,51,115.699,30,99.7598,83,99.3894,65,0.851623,41,16.3096,38
"2018-02-13","Maryland Eastern Shore",66.95,294,65.5794,305,90.2055,344,92.9037,342,118.472,348,119.484,346,0.0524708,348,-26.5801,349
"2018-02-13","Massachusetts",66.9246,296,65.5855,303,103.983,162,107.007,146,106.967,251,110.08,262,0.419311,195,-3.07303,196
"2018-02-13","McNeese St.",70.323,136,69.245,126,100.129,251,102.049,238,109.438,296,113.719,318,0.223533,292,-11.6701,293
"2018-02-13","Memphis",66.4665,315,66.4167,270,102.848,192,106.684,150,104.325,196,106.603,200,0.502174,167,0.0806603,167
"2018-02-13","Mercer",64.9937,339,64.2348,336,111.736,40,112.26,64,106.73,245,110.44,268,0.546868,152,1.82054,151
"2018-02-13","Miami FL",68.966,212,67.7432,214,108.312,84,112.662,62,95.3716,17,95.9072,17,0.864321,32,16.7551,36
"2018-02-13","Miami OH",67.764,261,66.0183,281,98.011,285,100.557,259,101.952,142,103.543,130,0.416676,196,-2.98526,194
"2018-02-13","Michigan",65.3447,337,63.7755,342,110.16,54,114.634,44,97.06,36,96.7872,26,0.875024,24,17.8467,27
"2018-02-13","Michigan St.",69.629,174,67.9032,205,118.75,6,120.062,11,93.5666,8,93.5849,8,0.946096,5,26.4775,6
"2018-02-13","Middle Tennessee",68.0619,248,66.7352,254,107.599,99,111.257,79,97.0341,35,97.3361,32,0.823063,47,13.9209,48
"2018-02-13","Milwaukee",67.8557,255,66.338,272,100.143,250,100.771,254,100.569,100,105.036,163,0.383044,213,-4.26451,212
"2018-02-13","Minnesota",71.0285,101,70.2792,81,107.348,103,111.603,74,104.224,194,104.452,152,0.681701,99,7.15159,97
"2018-02-13","Mississippi",69.9698,156,68.8756,145,107.568,100,114.162,50,108.358,279,106.054,185,0.699974,92,8.10769,88
"2018-02-13","Mississippi St.",69.2771,198,68.096,194,105.305,139,108.678,114,95.378,18,95.8824,16,0.808547,53,12.7958,58
"2018-02-13","Mississippi Valley St.",68.7076,227,68.4052,168,90.7802,343,91.4046,344,112.778,326,117.76,341,0.0514881,349,-26.3553,348
"2018-02-13","Missouri",67.6005,269,65.5846,304,109.294,72,115.526,35,99.5275,71,99.0791,58,0.853974,40,16.4467,37
"2018-02-13","Missouri St.",66.4284,317,65.5987,301,104.619,152,108.428,120,98.6246,53,101.69,95,0.676528,101,6.73849,101
"2018-02-13","Monmouth",72.068,60,70.9088,54,102.906,190,104.998,181,105.21,216,105.848,182,0.476826,176,-0.850356,176
"2018-02-13","Montana",70.378,135,68.0764,195,108.79,79,109.199,101,95.4923,21,98.8311,52,0.759013,75,10.3683,76
"2018-02-13","Montana St.",71.4149,81,69.1327,130,101.591,218,100.658,258,106.85,249,108.608,237,0.294386,255,-7.94991,252
"2018-02-13","Morehead St.",70.769,112,68.7319,154,96.0361,309,98.2104,298,108.625,284,108.278,224,0.245582,279,-10.0679,278
"2018-02-13","Morgan St.",70.8104,109,69.4917,110,99.8696,256,97.2461,314,104.424,198,110.091,264,0.193606,308,-12.8452,307
"2018-02-13","Mount St. Mary's",67.0461,292,65.1753,319,105.647,130,104.117,198,107.237,260,111.161,283,0.320197,240,-7.04424,240
"2018-02-13","Murray St.",67.9044,253,67.5002,224,116.557,10,115.014,40,98.8758,57,102.862,116,0.783156,66,12.152,62
"2018-02-13","Navy",66.7316,304,65.314,316,101.717,214,100.718,256,99.6868,78,105.156,168,0.378509,215,-4.43798,214
"2018-02-13","Nebraska",68.8342,226,67.6961,216,106.717,116,111.736,72,99.6638,76,98.3764,44,0.812197,51,13.3592,52
"2018-02-13","Nebraska Omaha",73.1196,33,70.3727,77,102.205,204,105.437,174,114.394,335,113.468,315,0.300644,250,-8.0315,254
"2018-02-13","Nevada",70.6715,117,69.6126,107,115.951,12,119.74,12,99.1825,64,100.082,76,0.887182,20,19.6575,19
"2018-02-13","New Hampshire",65.6948,333,65.2023,318,100.551,242,99.3308,279,104.299,195,108.533,236,0.265239,269,-9.20248,267
"2018-02-13","New Mexico",71.6265,73,70.3548,78,107.196,105,111.142,81,106.153,233,107.484,214,0.595049,127,3.65811,125
"2018-02-13","New Mexico St.",69.1557,205,68.0254,200,107.064,110,109.008,108,91.0075,5,93.3105,7,0.85669,36,15.697,42
"2018-02-13","New Orleans",67.7286,262,65.3409,315,97.9191,287,98.5479,294,102.874,162,106.551,198,0.289478,259,-8.00298,253
"2018-02-13","Niagara",74.4474,16,73.0865,16,111.438,42,111.265,78,111.072,313,114.082,324,0.428607,192,-2.81704,192
"2018-02-13","Nicholls St.",76.631,6,73.8366,11,105.689,129,105.313,178,101.519,128,105.836,181,0.48576,175,-0.523054,175
"2018-02-13","NJIT",70.4833,129,67.1742,236,101.523,221,100.525,260,103.897,185,107.854,218,0.308036,247,-7.32933,246
"2018-02-13","Norfolk St.",71.5193,76,69.0761,132,97.304,297,96.3509,321,104.782,207,109.993,259,0.179046,319,-13.6421,314
"2018-02-13","North Carolina",72.2908,54,71.5807,40,114.549,20,120.483,9,101.314,120,97.3875,34,0.920364,12,23.0953,10
"2018-02-13","North Carolina A&T",70.2344,143,69.1127,131,102.34,203,99.826,273,105.104,213,111.338,285,0.221814,293,-11.512,292
"2018-02-13","North Carolina Central",67.667,266,65.9409,288,102.167,205,98.9467,289,106.114,231,113.468,314,0.17153,323,-14.5215,322
"2018-02-13","North Carolina St.",72.1491,58,71.4654,44,111.053,46,114.827,43,102.411,149,102.144,98,0.79348,58,12.6833,59
"2018-02-13","North Dakota",73.5966,26,72.4099,25,100.24,248,104.604,190,112.954,331,111.899,291,0.315355,242,-7.29433,244
"2018-02-13","North Dakota St.",67.7135,263,65.9102,290,105.376,138,106.187,164,105.19,215,105.692,178,0.51344,163,0.495347,163
"2018-02-13","North Florida",76.0009,9,74.2797,8,102.089,208,107.06,144,117.421,346,118.446,344,0.238261,284,-11.3856,290
"2018-02-13","North Texas",68.9597,213,66.8467,246,101.242,230,104.166,196,101.404,122,104.3,149,0.496309,169,-0.133825,169
"2018-02-13","Northeastern",68.0754,247,67.3407,232,108.033,88,108.526,117,102.87,161,102.543,103,0.657494,110,5.98307,110
"2018-02-13","Northern Arizona",70.8386,108,69.4626,111,92.1464,338,95.5551,328,111.072,314,111.912,292,0.139781,328,-16.3569,330
"2018-02-13","Northern Colorado",72.7804,41,71.5016,42,104.181,157,106.527,155,100.902,108,102.693,109,0.603839,123,3.83365,122
"2018-02-13","Northern Illinois",69.239,199,67.1905,235,105.286,140,106.509,156,110.307,306,113.112,312,0.333657,234,-6.60278,238
"2018-02-13","Northern Iowa",64.9234,340,63.7568,343,97.3682,295,101.53,244,99.5255,70,99.452,66,0.559165,148,2.07766,149
"2018-02-13","Northern Kentucky",70.1271,148,68.4212,167,109.942,59,109.259,100,95.5762,22,100.705,84,0.718619,85,8.55468,86
"2018-02-13","Northwestern",66.4799,314,64.9128,325,104.136,158,109.559,94,99.6323,75,99.1957,60,0.758186,76,10.3635,77
"2018-02-13","Northwestern St.",71.3587,84,69.6554,106,85.55,351,89.9383,349,112.94,330,113.867,321,0.0622133,346,-23.9289,346
"2018-02-13","Notre Dame",66.7449,303,64.892,327,111.732,41,115.589,33,102.28,146,99.6188,69,0.846822,44,15.9698,41
"2018-02-13","Oakland",73.8592,22,71.9646,33,108.05,87,110.559,87,104.917,211,109.086,243,0.538477,156,1.47266,155
"2018-02-13","Ohio",72.4041,51,70.6888,63,100.119,252,100.392,262,101.42,124,104.438,151,0.388319,210,-4.04604,209
"2018-02-13","Ohio St.",68.3167,241,66.983,242,112.547,32,116.606,26,96.2763,29,94.1755,12,0.921062,11,22.4305,12
"2018-02-13","Oklahoma",77.5671,3,76.0155,4,113.272,27,118.623,17,104.899,210,101.126,86,0.862383,34,17.4972,31
"2018-02-13","Oklahoma St.",71.4297,80,69.2106,128,107.187,106,111.563,75,101.207,114,99.4935,67,0.788639,63,12.0697,65
"2018-02-13","Old Dominion",66.29,320,64.3237,333,109.297,71,110.011,91,94.5897,13,98.7094,47,0.776703,67,11.3012,67
"2018-02-13","Oral Roberts",67.4714,275,65.5639,307,102.152,206,106.473,160,114.79,338,112.541,306,0.345818,228,-6.0687,232
"2018-02-13","Oregon",70.6231,122,67.8953,207,110.716,49,111.156,80,99.0369,59,100.368,81,0.763876,72,10.788,74
"2018-02-13","Oregon St.",68.2901,243,66.1744,276,107.412,102,109.059,106,101.479,126,102.891,118,0.661398,105,6.1681,106
"2018-02-13","Pacific",67.4033,282,66.8223,247,103.788,170,107.498,136,107.38,263,106.393,195,0.529671,158,1.10501,158
"2018-02-13","Penn",70.2565,140,68.9887,135,102.856,191,100.991,250,96.3306,30,98.8966,56,0.559967,147,2.09464,148
"2018-02-13","Penn St.",69.3592,194,68.1862,187,109.13,74,112.729,61,94.933,14,96.4998,23,0.856638,37,16.2294,40
"2018-02-13","Pepperdine",67.9544,250,67.6569,220,102.655,195,105.363,175,117.149,345,118.255,343,0.209577,298,-12.8921,308
"2018-02-13","Pittsburgh",66.3559,318,65.5332,310,93.9165,331,99.374,278,107.858,272,104.427,150,0.361161,222,-5.0526,222
"2018-02-13","Portland",67.6807,265,66.5455,262,97.9872,286,101.211,247,110.369,308,108.514,235,0.309752,245,-7.3035,245
"2018-02-13","Portland St.",76.5795,7,76.1591,3,108.011,89,111.036,82,107.464,264,108.487,232,0.566358,141,2.54834,139
"2018-02-13","Prairie View A&M",72.4956,49,70.9321,53,101.41,224,103.525,209,107.126,255,112.092,295,0.28611,262,-8.56723,261
"2018-02-13","Presbyterian",65.4026,336,63.8806,341,97.3723,294,97.8126,305,110.777,311,115.43,331,0.129602,331,-17.6169,332
"2018-02-13","Princeton",65.7199,332,64.2738,334,105.528,135,107.551,134,106.18,235,109.15,245,0.457695,184,-1.59817,184
"2018-02-13","Providence",70.2474,141,67.8217,209,106.04,124,110.604,85,102.483,152,99.7109,72,0.767151,71,10.8927,72
"2018-02-13","Purdue",68.9513,216,67.4804,225,119.043,5,123.488,3,93.5741,9,94.5726,14,0.955551,4,28.9157,4
"2018-02-13","Quinnipiac",68.4716,236,66.7618,250,103.396,177,103.093,215,111.911,322,113.985,323,0.239571,281,-10.8922,286
"2018-02-13","Radford",64.5679,344,63.7564,344,102.761,193,104.414,193,103.465,174,106.548,197,0.442097,188,-2.13392,188
"2018-02-13","Rhode Island",69.5071,182,69.16,129,111.046,47,114.344,48,95.9834,25,96.8137,27,0.871457,28,17.5307,30
"2018-02-13","Rice",69.8412,164,67.996,202,94.8505,321,99.1014,284,107.511,265,110.234,265,0.227182,289,-11.1324,288
"2018-02-13","Richmond",68.653,230,68.379,172,100.214,249,104.277,195,107.007,252,105.948,184,0.454402,185,-1.6717,185
"2018-02-13","Rider",74.6154,15,73.3589,13,108.249,86,109.096,105,102.403,148,105.44,174,0.596751,125,3.65558,126
"2018-02-13","Robert Morris",71.7556,68,69.8779,96,97.3247,296,97.3617,311,98.7584,55,103.018,120,0.343112,230,-5.65666,227
"2018-02-13","Rutgers",67.6399,268,66.9166,244,94.1779,328,97.6018,309,94.9602,15,95.919,18,0.549838,151,1.68288,153
"2018-02-13","Sacramento St.",67.4787,274,66.1204,278,96.0684,308,100.498,261,109.726,300,110.057,260,0.260205,274,-9.55907,272
"2018-02-13","Sacred Heart",68.9532,215,68.003,201,95.5753,314,94.6932,333,101.883,137,106.193,187,0.211131,297,-11.5002,291
"2018-02-13","Saint Joseph's",71.7554,69,71.2756,48,101.016,233,104.086,199,102.16,144,102.615,107,0.540814,155,1.47043,156
"2018-02-13","Saint Louis",65.9011,329,64.9584,324,100.413,245,102.322,234,99.6877,79,99.3474,64,0.584006,131,2.9743,136
"2018-02-13","Saint Mary's",63.9577,350,63.5889,345,121.801,3,123.256,4,100.134,88,102.751,111,0.890176,19,20.5056,17
"2018-02-13","Saint Peter's",65.5477,334,63.0331,349,99.5978,259,98.8539,290,101.241,117,103.903,139,0.360586,224,-5.04865,221
"2018-02-13","Sam Houston St.",67.7898,258,66.9472,243,101.546,220,101.95,239,101.578,130,105.825,180,0.394364,209,-3.87505,207
"2018-02-13","Samford",71.0399,100,70.6702,65,106.151,122,107.984,128,117.565,347,119.799,347,0.232523,286,-11.8155,294
"2018-02-13","San Diego",66.7957,302,66.8168,248,101.774,212,103.404,214,97.3977,41,99.6514,71,0.604711,122,3.75288,123
"2018-02-13","San Diego St.",70.4977,128,69.2678,123,108.556,83,110.885,83,99.0486,60,100.801,85,0.74959,79,10.0836,79
"2018-02-13","San Francisco",67.0084,293,66.7287,255,101.258,229,102.736,227,101.826,135,101.202,88,0.543135,154,1.53366,154
"2018-02-13","San Jose St.",69.5561,177,68.0442,198,92.3552,336,95.5874,327,108.606,283,107.431,212,0.206967,301,-11.8438,295
"2018-02-13","Santa Clara",65.062,338,64.4723,332,97.8778,289,99.8871,272,110.084,303,110.071,261,0.246661,278,-10.1841,280
"2018-02-13","Savannah St.",83.3603,1,82.8989,1,100.621,240,104.666,189,114.44,336,117.297,337,0.21244,296,-12.6313,301
"2018-02-13","Seattle",69.3795,191,67.4603,226,106.255,121,105.804,169,104.862,208,109.595,251,0.400144,206,-3.79124,206
"2018-02-13","Seton Hall",71.652,72,69.8552,98,109.825,62,115.644,32,100.631,102,98.8844,55,0.858207,35,16.7594,35
"2018-02-13","Siena",67.4491,279,65.9089,292,98.2124,281,98.3496,297,107.762,270,108.848,241,0.237519,285,-10.498,283
"2018-02-13","SIU Edwardsville",70.96,103,69.9124,95,99.1618,268,101.099,249,112.802,327,114.932,327,0.186226,313,-13.8326,319
"2018-02-13","SMU",64.775,343,64.0787,337,110.71,50,113.772,54,97.6264,44,101.336,91,0.791043,61,12.4364,60
"2018-02-13","South Alabama",70.5611,125,69.8677,97,96.1784,307,97.4124,310,97.9978,49,102.384,102,0.360666,223,-4.97195,220
"2018-02-13","South Carolina",69.4677,186,68.7116,155,98.937,274,105.9,168,99.5558,73,98.1107,40,0.706528,89,7.78926,93
"2018-02-13","South Carolina St.",72.8527,39,70.6984,62,95.8848,312,96.114,323,114.092,333,119.265,345,0.0771391,344,-23.1512,345
"2018-02-13","South Dakota",72.2891,55,70.6194,66,109.966,58,109.802,92,96.2479,28,98.6756,46,0.773587,69,11.1264,69
"2018-02-13","South Dakota St.",72.1164,59,70.446,73,113.957,23,115.128,39,104.484,201,105.758,179,0.726362,83,9.36999,82
"2018-02-13","South Florida",65.8684,331,64.5096,331,94.285,327,97.7898,306,107.904,273,111.886,290,0.175288,322,-14.0963,321
"2018-02-13","Southeast Missouri St.",68.6594,229,68.7932,149,108.005,91,110.072,90,113.933,332,117.456,338,0.321548,239,-7.38382,247
"2018-02-13","Southeastern Louisiana",69.1391,206,66.4184,269,100.907,235,101.308,246,102.629,158,106.369,193,0.363417,220,-5.06056,223
"2018-02-13","Southern",68.9111,219,67.3897,227,95.2285,317,94.1897,337,103.766,181,109.23,246,0.153992,327,-15.0399,325
"2018-02-13","Southern Illinois",67.5776,270,67.1688,237,104.923,147,108.398,121,100.446,97,103.13,123,0.639445,115,5.26829,115
"2018-02-13","Southern Miss",67.1716,285,65.7378,298,103.819,168,109.365,97,110.383,309,112.433,302,0.421114,194,-3.06834,195
"2018-02-13","Southern Utah",73.361,30,71.9595,34,101.408,225,103.853,203,112.078,324,113.392,313,0.266874,268,-9.53891,271
"2018-02-13","St. Bonaventure",69.9613,157,70.0302,91,110.75,48,111.92,68,99.1251,62,100.624,82,0.772677,70,11.2957,68
"2018-02-13","St. Francis NY",70.2825,139,69.9975,94,99.1993,267,99.7351,275,106.647,243,112.196,298,0.205242,302,-12.4605,299
"2018-02-13","St. Francis PA",70.1181,149,68.3033,179,107.913,94,107.985,127,108.954,290,112.088,294,0.394396,208,-4.10313,211
"2018-02-13","St. John's",71.4339,79,69.667,105,101.875,211,107.609,132,100.929,109,96.5907,24,0.775957,68,11.0184,70
"2018-02-13","Stanford",71.4473,78,69.6901,104,103.377,179,107.707,131,102.587,155,99.6368,70,0.710058,88,8.07029,90
"2018-02-13","Stephen F. Austin",73.622,25,72.5788,22,106.518,118,104.832,187,96.1023,26,102.284,100,0.570278,139,2.54816,140
"2018-02-13","Stetson",72.6104,43,70.4165,74,99.8915,254,99.2214,281,107.926,274,112.704,308,0.18767,312,-13.4825,313
"2018-02-13","Stony Brook",69.7237,168,68.5096,165,98.3507,280,97.9724,303,102.603,156,104.65,154,0.319014,241,-6.67803,239
"2018-02-13","Syracuse",64.9019,341,64.2418,335,103.948,164,108.434,119,95.4287,19,94.0767,11,0.836632,45,14.3575,46
"2018-02-13","TCU",70.8027,111,68.7487,151,116.967,9,121.876,5,107.143,256,103.836,136,0.863208,33,18.0399,25
"2018-02-13","Temple",66.9043,297,66.8641,245,103.104,186,109.538,95,101.696,132,100.342,80,0.732704,82,9.19586,83
"2018-02-13","Tennessee",68.0586,249,66.7356,253,110.442,53,115.403,36,97.3512,39,92.9708,5,0.923133,10,22.4325,11
"2018-02-13","Tennessee Martin",67.0624,291,65.9089,291,98.2066,282,98.0236,302,106.726,244,109.23,247,0.223588,291,-11.2067,289
"2018-02-13","Tennessee St.",66.4471,316,65.4129,313,95.9814,310,97.8621,304,97.4767,43,98.7589,50,0.473799,177,-0.896764,177
"2018-02-13","Tennessee Tech",71.8253,64,71.1356,49,99.8761,255,99.7675,274,104.051,190,106.215,188,0.327365,238,-6.44716,236
"2018-02-13","Texas",67.4918,273,65.8269,294,103.317,182,108.763,112,97.1179,37,93.5854,9,0.849204,42,15.1772,44
"2018-02-13","Texas A&M",70.6875,116,68.2388,183,107.105,109,111.825,69,96.9541,34,92.8373,4,0.894735,17,18.9882,21
"2018-02-13","Texas A&M Corpus Chris",68.9434,217,67.3726,229,91.1834,342,92.4006,343,101.723,134,105.077,164,0.185656,314,-12.6768,304
"2018-02-13","Texas Southern",73.0698,34,72.1506,32,101.574,219,103.419,213,111.525,319,112.638,307,0.272492,264,-9.21925,268
"2018-02-13","Texas St.",64.09,349,62.1612,350,98.9681,273,99.31,280,99.0067,58,102.678,108,0.405282,202,-3.36764,202
"2018-02-13","Texas Tech",69.2378,200,67.6815,217,109.051,76,112.744,60,88.7103,3,88.5896,3,0.941181,6,24.154,7
"2018-02-13","The Citadel",79.7549,2,78.6313,2,101.909,210,103.068,217,115.779,342,116.246,333,0.200419,303,-13.178,309
"2018-02-13","Toledo",70.6589,119,68.6918,157,113.783,25,114.573,46,105.258,217,108.243,223,0.657815,108,6.32987,104
"2018-02-13","Towson",68.4323,239,67.5488,222,109.136,73,108.318,123,102.534,153,105.107,165,0.585672,130,3.21136,130
"2018-02-13","Troy",69.4525,188,68.1879,186,107.706,97,109.058,107,105.406,222,109.268,248,0.49447,171,-0.209989,171
"2018-02-13","Tulane",70.9252,105,70.2262,85,103.387,178,106.627,153,102.57,154,105.303,171,0.535871,157,1.32438,157
"2018-02-13","Tulsa",69.1079,207,67.6616,219,105.151,142,107.397,139,102.888,163,102.917,119,0.620092,119,4.47935,119
"2018-02-13","UAB",68.5888,232,67.0795,240,109.35,69,108.683,113,99.2418,66,103.625,132,0.633696,118,5.05847,117
"2018-02-13","UC Davis",68.1291,244,67.2696,233,103.225,183,104.9,185,99.8763,84,102.543,104,0.564958,142,2.3567,142
"2018-02-13","UC Irvine",69.3385,195,67.8552,208,98.0468,283,100.662,257,99.2134,65,98.2849,43,0.568282,140,2.37727,141
"2018-02-13","UC Riverside",69.4767,183,68.3139,177,91.4213,339,94.2216,336,104.037,189,104.77,156,0.227867,288,-10.5487,284
"2018-02-13","UC Santa Barbara",68.4561,238,67.6565,221,112.771,31,115.4,37,103.44,173,108.318,227,0.674418,103,7.08108,99
"2018-02-13","UCF",66.0844,325,65.5786,306,95.506,315,99.9068,271,92.8218,6,93.1135,6,0.692071,96,6.79333,100
"2018-02-13","UCLA",72.1785,57,70.8109,58,112.26,36,116.632,25,103.089,167,102.758,112,0.810988,52,13.874,49
"2018-02-13","UMass Lowell",70.8413,106,70.6802,64,103.513,175,102.683,229,110.94,312,115.346,329,0.207942,300,-12.6634,303
"2018-02-13","UMBC",69.3234,196,68.6396,160,104.902,149,104.583,191,105.186,214,107.876,220,0.411804,198,-3.293,199
"2018-02-13","UMKC",71.09,96,69.7471,102,93.9168,330,97.6099,308,108.438,281,108.66,239,0.225596,290,-11.0504,287
"2018-02-13","UNC Asheville",69.7789,166,70.0089,93,104.949,146,105.941,167,104.455,199,106.92,202,0.473562,178,-0.979616,178
"2018-02-13","UNC Greensboro",66.0806,326,65.3486,314,105.803,126,106.448,161,94.0524,10,98.3797,45,0.712275,87,8.06836,91
"2018-02-13","UNC Wilmington",72.6444,42,72.1616,31,105.046,143,105.69,170,114.881,340,114.113,325,0.292821,257,-8.42217,260
"2018-02-13","UNLV",74.2381,19,72.667,21,113.642,26,114.337,49,100.393,94,103.373,128,0.761193,74,10.9636,71
"2018-02-13","USC",69.9175,161,68.6844,158,112.274,35,116.497,27,102.482,151,102.545,105,0.812601,50,13.9521,47
"2018-02-13","USC Upstate",71.1993,91,69.0156,133,103.364,180,106.162,165,121.977,350,125.697,351,0.125379,332,-19.5351,338
"2018-02-13","UT Arlington",74.3626,17,73.1641,15,104.058,159,105.32,177,97.952,48,101.418,92,0.606843,121,3.90114,121
"2018-02-13","UT Rio Grande Valley",75.895,10,74.1821,9,99.0217,272,103.033,218,103.059,165,107.553,216,0.379011,214,-4.52004,215
"2018-02-13","Utah",68.6629,228,66.4901,265,108.005,90,111.824,70,100.618,101,99.726,73,0.78864,62,12.098,63
"2018-02-13","Utah St.",68.5757,234,66.6235,259,105.629,131,109.145,103,104.491,202,105.535,177,0.59551,126,3.60994,127
"2018-02-13","Utah Valley",70.108,150,67.664,218,109.61,65,111.287,77,100.667,103,105.144,166,0.657668,109,6.14236,107
"2018-02-13","UTEP",70.0967,151,68.172,188,95.3491,316,97.2949,313,102.481,150,105.163,169,0.290226,258,-7.868,251
"2018-02-13","UTSA",74.0528,21,72.7957,17,103.82,167,106.838,148,103.683,180,106.343,191,0.513326,164,0.49419,164
"2018-02-13","Valparaiso",70.6225,123,70.4096,75,97.4701,293,100.749,255,98.3037,50,99.7897,75,0.527474,159,0.959162,159
"2018-02-13","Vanderbilt",67.1712,287,66.2536,274,106.103,123,113.439,56,107.636,267,105.153,167,0.705221,90,8.28626,87
"2018-02-13","VCU",71.6777,70,70.8198,57,106.4,119,108.838,110,103.59,178,105.333,172,0.593029,128,3.50558,128
"2018-02-13","Vermont",64.78,342,63.8818,340,115.518,14,117.161,22,101.921,139,104,144,0.797446,57,13.1618,56
"2018-02-13","Villanova",70.5145,127,68.3941,170,124.368,1,129.923,1,99.7444,82,98.7377,49,0.959162,3,31.1851,2
"2018-02-13","Virginia",61.1414,351,59.0291,351,110.471,52,114.612,45,86.0598,2,82.7799,1,0.976836,1,31.8322,1
"2018-02-13","Virginia Tech",71.5445,74,70.4015,76,115.046,18,117.443,20,100.761,104,101.188,87,0.847248,43,16.2549,39
"2018-02-13","VMI",70.133,146,69.7796,101,89.029,346,90.0935,348,105.778,228,107.258,208,0.11863,334,-17.1644,331
"2018-02-13","Wagner",69.656,169,67.9712,203,105.626,132,103.623,206,97.8246,46,101.504,93,0.559117,149,2.11879,147
"2018-02-13","Wake Forest",70.412,132,69.3826,116,105.525,136,112.069,66,106.871,250,103.974,143,0.703116,91,8.09483,89
"2018-02-13","Washington",71.3025,87,69.5752,108,104.34,154,106.654,152,101.483,127,99.5503,68,0.688398,97,7.10354,98
"2018-02-13","Washington St.",70.3939,134,68.9004,141,103.546,174,107.399,138,110.311,307,109.712,252,0.439051,189,-2.31276,189
"2018-02-13","Weber St.",70.1494,145,67.9449,204,108.961,77,107.106,142,101.405,123,104.757,155,0.563422,143,2.34937,143
"2018-02-13","West Virginia",71.6726,71,70.2163,86,113.18,28,118.188,18,95.4905,20,96.7439,25,0.909077,14,21.4442,15
"2018-02-13","Western Carolina",70.7432,113,69.2829,121,94.1707,329,96.7602,318,107.575,266,107.025,205,0.238748,283,-10.2653,282
"2018-02-13","Western Illinois",68.5783,233,67.7655,212,96.2849,306,98.0409,301,106.491,240,108.189,222,0.243657,280,-10.1485,279
"2018-02-13","Western Kentucky",70.6271,121,69.3492,120,109.56,66,112.226,65,99.1179,61,100.21,78,0.786226,65,12.0159,66
"2018-02-13","Western Michigan",69.5668,176,67.8958,206,105.536,134,106.483,158,103.946,187,106.428,196,0.501494,168,0.0553039,168
"2018-02-13","Wichita St.",71.1554,93,69.3803,118,117.221,7,119.389,13,97.9465,47,99.2257,62,0.893533,18,20.1629,18
"2018-02-13","William & Mary",71.2519,88,70.0352,90,114.035,22,114.971,41,115.897,343,116.45,334,0.463312,179,-1.47924,181
"2018-02-13","Winthrop",71.9983,61,72.2331,29,107.644,98,107.198,141,100.9,107,104.228,148,0.580095,137,2.97046,137
"2018-02-13","Wisconsin",64.3616,347,63.5075,346,104.919,148,110.451,88,104.209,193,102.802,113,0.695365,95,7.64904,94
"2018-02-13","Wofford",67.9484,251,65.9562,287,107.543,101,108.508,118,107.073,254,110.08,263,0.458721,183,-1.57279,183
"2018-02-13","Wright St.",70.3956,133,68.7394,152,99.8439,257,100.141,269,93.1811,7,97.3475,33,0.580626,135,2.79337,138
"2018-02-13","Wyoming",74.7902,12,73.6013,12,100.548,243,103.881,201,100.257,90,98.9549,57,0.636157,116,4.9264,118
"2018-02-13","Xavier",72.5264,48,70.6067,67,115.707,13,120.988,7,101.253,118,99.1007,59,0.908449,16,21.8869,13
"2018-02-13","Yale",70.1327,147,68.6302,162,103.8,169,103.963,200,106.029,230,107.509,215,0.404765,203,-3.54552,203
"2018-02-13","Youngstown St.",73.527,27,71.7259,37,98.6924,277,102.815,224,114.474,337,117.584,340,0.176011,321,-14.7696,324
